productCode,productName,productLine,productScale,productVendor,productDescription,quantityInStock,buyPrice,MSRP
S10_1678,1969 Harley Davidson Ultimate Chopper,Motorcycles,01:10,Min Lin Diecast,"This replica features working kickstand, front suspension, gear-shift lever, footbrake lever, drive chain, wheels and steering. All parts are particularly delicate due to their precise scale and require special care and attention.",7933,48.81,95.7
S10_1949,1952 Alpine Renault 1300,Classic Cars,01:10,Classic Metal Creations,Turnable front wheels; steering function; detailed interior; detailed engine; opening hood; opening trunk; opening doors; and detailed chassis.,7305,98.58,214.3
S10_2016,1996 Moto Guzzi 1100i,Motorcycles,01:10,Highway 66 Mini Classics,"Official Moto Guzzi logos and insignias, saddle bags located on side of motorcycle, detailed engine, working steering, working suspension, two leather seats, luggage rack, dual exhaust pipes, small saddle bag located on handle bars, two-tone paint with chrome accents, superior die-cast detail , rotating wheels , working kick stand, diecast metal with plastic parts and baked enamel finish.",6625,68.99,118.94
S10_4698,2003 Harley-Davidson Eagle Drag Bike,Motorcycles,01:10,Red Start Diecast,"Model features, official Harley Davidson logos and insignias, detachable rear wheelie bar, heavy diecast metal with resin parts, authentic multi-color tampo-printed graphics, separate engine drive belts, free-turning front fork, rotating tires and rear racing slick, certificate of authenticity, detailed engine, display stand
, precision diecast replica, baked enamel finish, 1:10 scale model, removable fender, seat and tank cover piece for displaying the superior detail of the v-twin engine",5582,91.02,193.66
S10_4757,1972 Alfa Romeo GTA,Classic Cars,01:10,Motor City Art Classics,Features include: Turnable front wheels; steering function; detailed interior; detailed engine; opening hood; opening trunk; opening doors; and detailed chassis.,3252,85.68,136
S10_4962,1962 LanciaA Delta 16V,Classic Cars,01:10,Second Gear Diecast,Features include: Turnable front wheels; steering function; detailed interior; detailed engine; opening hood; opening trunk; opening doors; and detailed chassis.,6791,103.42,147.74
S12_1099,1968 Ford Mustang,Classic Cars,01:12,Autoart Studio Design,"Hood, doors and trunk all open to reveal highly detailed interior features. Steering wheel actually turns the front wheels. Color dark green.",68,95.34,194.57
S12_1108,2001 Ferrari Enzo,Classic Cars,01:12,Second Gear Diecast,Turnable front wheels; steering function; detailed interior; detailed engine; opening hood; opening trunk; opening doors; and detailed chassis.,3619,95.59,207.8
S12_1666,1958 Setra Bus,Trucks and Buses,01:12,Welly Diecast Productions,"Model features 30 windows, skylights & glare resistant glass, working steering system, original logos",1579,77.9,136.67
S12_2823,2002 Suzuki XREO,Motorcycles,01:12,Unimax Art Galleries,"Official logos and insignias, saddle bags located on side of motorcycle, detailed engine, working steering, working suspension, two leather seats, luggage rack, dual exhaust pipes, small saddle bag located on handle bars, two-tone paint with chrome accents, superior die-cast detail , rotating wheels , working kick stand, diecast metal with plastic parts and baked enamel finish.",9997,66.27,150.62
S12_3148,1969 Corvair Monza,Classic Cars,01:18,Welly Diecast Productions,1:18 scale die-cast about 10 long doors open, hood opens," trunk opens and wheels roll""",6906
S12_3380,1968 Dodge Charger,Classic Cars,01:12,Welly Diecast Productions,"1:12 scale model of a 1968 Dodge Charger. Hood, doors and trunk all open to reveal highly detailed interior features. Steering wheel actually turns the front wheels. Color black",9123,75.16,117.44
S12_3891,1969 Ford Falcon,Classic Cars,01:12,Second Gear Diecast,Turnable front wheels; steering function; detailed interior; detailed engine; opening hood; opening trunk; opening doors; and detailed chassis.,1049,83.05,173.02
S12_3990,1970 Plymouth Hemi Cuda,Classic Cars,01:12,Studio M Art Models,Very detailed 1970 Plymouth Cuda model in 1:12 scale. The Cuda is generally accepted as one of the fastest original muscle cars from the 1970s. This model is a reproduction of one of the orginal 652 cars built in 1970. Red color.,5663,31.92,79.8
S12_4473,1957 Chevy Pickup,Trucks and Buses,01:12,Exoto Designs,1:12 scale die-cast about 20 long Hood opens," Rubber wheels""",6125,55.7
S12_4675,1969 Dodge Charger,Classic Cars,01:12,Welly Diecast Productions,Detailed model of the 1969 Dodge Charger. This model includes finely detailed interior and exterior features. Painted in red and white.,7323,58.73,115.16
S18_1097,1940 Ford Pickup Truck,Trucks and Buses,01:18,Studio M Art Models,"This model features soft rubber tires, working steering, rubber mud guards, authentic Ford logos, detailed undercarriage, opening doors and hood,  removable split rear gate, full size spare mounted in bed, detailed interior with opening glove box",2613,58.33,116.67
S18_1129,1993 Mazda RX-7,Classic Cars,01:18,Highway 66 Mini Classics,"This model features, opening hood, opening doors, detailed engine, rear spoiler, opening trunk, working steering, tinted windows, baked enamel finish. Color red.",3975,83.51,141.54
S18_1342,1937 Lincoln Berline,Vintage Cars,01:18,Motor City Art Classics,"Features opening engine cover, doors, trunk, and fuel filler cap. Color black",8693,60.62,102.74
S18_1367,1936 Mercedes-Benz 500K Special Roadster,Vintage Cars,01:18,Studio M Art Models,"This 1:18 scale replica is constructed of heavy die-cast metal and has all the features of the original: working doors and rumble seat, independent spring suspension, detailed interior, working steering system, and a bifold hood that reveals an engine so accurate that it even includes the wiring. All this is topped off with a baked enamel finish. Color white.",8635,24.26,53.91
,,,,,,,,
,,,,,,,,
,,,,,,,,
,,,,,,,,
,,,,,,,,
,,,,,,,,
,,,,,,,,
,,,,,,,,
,,,,,,,,
,,,,,,,,
,,,,,,,,
,,,,,,,,
,,,,,,,,
,,,,,,,,
,,,,,,,,
,,,,,,,,
,,,,,,,,
,,,,,,,,
,,,,,,,,
,,,,,,,,
,,,,,,,,
,,,,,,,,
,,,,,,,,
,,,,,,,,
,,,,,,,,
,,,,,,,,
,,,,,,,,
,,,,,,,,
,,,,,,,,
,,,,,,,,
,,,,,,,,
,,,,,,,,
,,,,,,,,
,,,,,,,,
,,,,,,,,
,,,,,,,,
,,,,,,,,
,,,,,,,,
,,,,,,,,
,,,,,,,,
,,,,,,,,
,,,,,,,,
,,,,,,,,
,,,,,,,,
,,,,,,,,
,,,,,,,,
,,,,,,,,
,,,,,,,,
,,,,,,,,
,,,,,,,,
,,,,,,,,
,,,,,,,,
,,,,,,,,
,,,,,,,,
,,,,,,,,
,,,,,,,,
,,,,,,,,
,,,,,,,,
,,,,,,,,
,,,,,,,,
,,,,,,,,
,,,,,,,,
,,,,,,,,
,,,,,,,,
,,,,,,,,
,,,,,,,,
,,,,,,,,
,,,,,,,,
,,,,,,,,
,,,,,,,,
,,,,,,,,
,,,,,,,,
,,,,,,,,
,,,,,,,,
,,,,,,,,
,,,,,,,,
,,,,,,,,
,,,,,,,,
,,,,,,,,
,,,,,,,,
,,,,,,,,
,,,,,,,,
,,,,,,,,
,,,,,,,,
,,,,,,,,
,,,,,,,,
,,,,,,,,
,,,,,,,,
,,,,,,,,
,,,,,,,,
